Lesson Description 1,https://www.youtube.com/watch?v=dQw4w9WgXcQ
Lesson Description 2,https://www.youtube.com/watch?v=dQw4w9WgXcQ
Lesson Description 3,https://www.youtube.com/watch?v=dQw4w9WgXcQ
Lesson Description 4,https://www.youtube.com/watch?v=dQw4w9WgXcQ
Lesson Description 5,https://www.youtube.com/watch?v=dQw4w9WgXcQ
Lesson Description 6,https://www.youtube.com/watch?v=dQw4w9WgXcQ
Lesson Description 7,https://www.youtube.com/watch?v=dQw4w9WgXcQ
Lesson Description 8,https://www.youtube.com/watch?v=dQw4w9WgXcQ
Lesson Description 9,https://www.youtube.com/watch?v=dQw4w9WgXcQ
Lesson Description 10,https://www.youtube.com/watch?v=dQw4w9WgXcQ
Lesson Description 11,https://www.youtube.com/watch?v=dQw4w9WgXcQ
